{"c1KPROaT38OiHRuNrZGYSA==":"2023-09-23_21.37.11-1920x1009.png","2IUcuJaI4kh0e3IB4e7YQw==":"2023-09-23_16.08.26-1800x946.png","Hnp4j7C+2JS6B81pRXDoUQ==":"2023-09-23_16.08.27-1800x946.png","XqStexa3ucYeWEdbgE9USg==":"background1.jpg","s+sHc8lbBMJ6npFnVg3Vxg==":"2022-01-22_18.59.11-1920x1009.png","ED6orBGNcaOqO248CwtOUQ==":"2021-03-21_16.18.26-1920x1080.png","mHI4zzweAOwZsRcAPnhXhQ==":"2023-01-25_14.42.54-1920x1080.png","mZjGmBplTncQ3h9TXdls4g==":"2022-02-01_23.17.05-1920x1009.png","TTbvRHpICBS9XLCwGoWO5g==":"2022-10-24_10.21.53-1920x1080.png","ScrNwQLymjnh89DCySciVg==":"2022-08-17_22.18.48-1920x1080.png","9YUe7PLIX1qO3yZPAlLkPw==":"2023-09-23_23.24.32-1920x1009.png","vaEGeGy1TbtBbjjq/stoDA==":"2022-05-27_22.13.18-1920x1080.png","ejpUZIDWGRjfHASgDojJNA==":"shop4.jpeg","/YpX/P6aUzVvtxDQKYzK8A==":"zyneon-2023.png","rhznfmn7SjElqL2bHceMxw==":"logo-370x220.png","BSZZXp3XRwhc5Shjg5X0DQ==":"zyneon-2023-profile-816x816.png","ORREdDPmeQA3PRYWnjKGAQ==":"2023-09-23_16.08.27-1920x1009.png","r9jl7kpDiEN9UVNO/cs8yw==":"2023-09-23_16.08.27-1-1920x1009.png","PXVaXnl1pTDVbrN8BYA2Dw==":"background3.jpg","+ZUq/cUqLSQ5NtYIGOgVtw==":"2023-10-09_16.44.07-1920x1009.png","M3q9jS9wmDUjsr3K9p2xoQ==":"first_template_basesave-1024x1024.png","v0M3IjM16BWKrJZ6uCOVVg==":"profile-512x512.png","owAxIS9M+9oYsMW1eg1G8g==":"2023-01-25_14.42.54-1-1920x1080.png"}