{
  "instances": [
    {
      "minecraft": "1.16.5",
      "name": "ProjectZ",
      "id": "official/projectz",
      "version": "3.0.0-beta.1",
      "modloader": "Forge 36.2.41"
    },
    {
      "minecraft": "1.20.4",
      "name": "Zyneon+ Latest",
      "id": "official/zyneonplus/dynamic",
      "version": "2024.1",
      "modloader": "Fabric 0.15.3"
    },
    {
      "minecraft": "1.20.1",
      "name": "OptiFine 1.20.1",
      "id": "optifine1201",
      "version": "HD U I6",
      "modloader": "Forge 47.2.20"
    }
  ]
}