{
  "zyneonplus": {
    "text": "Zyneon+ ist der Weg um ein optimiertes Minecraft-Abenteuer zu genießen!",
    "button": "Zyneon+ ansehen",
    "slogan": "Erlebe Minecraft, wie noch nie zuvor!",
    "description": "Dieses Pack bietet dir die perfekte Optimierung und die besten Features.\u003cbr\u003eEgal ob du mit deinen Freunden spielen willst, oder einfach allein - Zyneon+ ist für dich da. \u003cbr\u003e\u003cbr\u003eLade deine Freunde online in deine eigentlich-Einzelspieler-Welt ein, ganz ohne Server.\u003cbr\u003eSpiele mit den aktuellsten Shadern und; oder Resourcepacks. Ändere deinen Skin - und das ingame. \u003cbr\u003e\u003cbr\u003eDie Möglichkeiten sind grenzenlos - erlebe dein Abenteuer und das mit der besten Performance!",
    "versiontext": "Klicke auf Version wählen um Zyneon+ für andere Minecraft-Versionen zu spielen",
    "change": {
      "version": "Version wählen"
    },
    "select": {
      "version": "Zyneon+ Version wählen"
    }
  },
  "account": {
    "notLoggedIn": "Nicht eingeloggt"
  },
  "news": {
    "value": "Neuigkeiten",
    "upcoming": "Kommende Features",
    "instance": {
      "creator": "• Ein Instanz-Ersteller um eigene Fabric, Forge oder Vanilla Instanzen zu erstellen",
      "importer": "• Ein-Instanz Ex- und Importer, um Instanzen per ID zu teilen und zu empfangen"
    },
    "probably": {
      "more": "Und möglicherweise noch mehr..."
    },
    "pb7": "Die UI-Aktualisierung (Öffentliche Beta 7)",
    "changelog": {
      "pb7": "28.09.2023: Die Application hat ein großes UI Update erhalten.\u003cbr\u003eZusätzlich wurden auch einige Funktionen hinzugefügt!\u003cbr\u003e\u003cbr\u003eHinzugefügt:\u003cbr\u003e- Neues UI Design (v124)\u003cbr\u003e- Die App passt sich nun automatisch der Sprache an, wenn dein PC auf Englisch ist, ist die App es auch, auf Deutsch ist die auf Deutsch.\u003cbr\u003e- Zyneon+ 1.20.2\u003cbr\u003e- Zyneon+ Versionsauswahl\u003cbr\u003e- Speichern der zuletzt ausgewählten Zyneon+ Version\u003cbr\u003e- Vorbereitung der Installationspfad-Verschiebung\u003cbr\u003e- Vorbereitung auf die Implementierung des Instance Creators und des Instance Exporters sowie des Instance Importers\u003cbr\u003e- Vorbereitung auf die Profilverwaltung\u003cbr\u003e- Vorbereitung auf Public Beta 8\u003cbr\u003e\u003cbr\u003eEntfernt:\u003cbr\u003e- Argria II",
      "pb6": "26.09.2023: Die Application wurde auf die Public Beta 6 aktualisiert!\u003cbr\u003eDieses Update ist lediglich ein UI Update.\u003cbr\u003e\u003cbr\u003eHinzugefügt:\u003cbr\u003e- Neue Zyneon+ Seite",
      "pb5": "25.09.2023: Die Application wurde auf die Public Beta 5 aktualisiert!\u003cbr\u003eDiese Version hat einige unter-der-Haube Veränderungen, Bugfixes und folgende Features\u003cbr\u003e\u003cbr\u003eHinzugefügt:\u003cbr\u003e- Automatisches Aktualisieren beim An- und Abmelden.\u003cbr\u003e- Standard RAM-Einstellungen speichern (Bugfix)\u003cbr\u003e- UI Update 122: Start/News aktualisiert",
      "pb4": "24.09.2023: Die Application wurde auf die Public Beta 4 aktualisiert!\u003cbr\u003eDiese Version bringt eine Reihe von Backend Performance Updates und einige Bugfixes mit sich.\u003cbr\u003e\u003cbr\u003eHinzugefügt:\u003cbr\u003e- Start/News Seite im Launcher mit diesen Informationen.\u003cbr\u003e- RAM-Einstellungen (Bugfix)\u003cbr\u003e- Zyneon Application Logo in der Taskleiste (Bugfix)\u003cbr\u003e- Zyneon Application Logo in der Titelleiste (Bugfix)\u003cbr\u003e- 1.16.5-Button für Zyneon+\u003cbr\u003e- Vorbereitung auf die Instanzpfad-Verschiebung\u003cbr\u003e\u003cbr\u003eEntfernt:\u003cbr\u003e- Instanzen-Dropdown-Menü (Bug)",
      "pb3": "23.09.2023: Performance Update im Backend, keine direkten Neuerungen.",
      "pb2": "23.09.2023: Die Installer wurden aktualisiert!\u003cbr\u003eDie Application wurde nun auf Java 21 aktualisiert, zudem wurden ältere Java Versionen hinzugefügt, um mehr Kompatibilität zu bieten.\u003cbr\u003e\u003cbr\u003eHinzugefügt:\u003cbr\u003e- Java 21: für die Application und Minecraft Versionen über 1.16.5\u003cbr\u003e- Java 11: für Minecraft Versionen 1.13, 1.13.1, 1.13.2, 1.14, 1.14.1, 1.14.2, 1.14.3, 1.14.4, 1.15, 1.15.1, 1.15.2, 1.16, 1.16.1, 1.16.2, 1.16.3, 1.16.4 und 1.16.5\u003cbr\u003e- Java 8: für Minecraft Versionen unter 1.13\u003cbr\u003e\u003cbr\u003eEntfernt:\u003cbr\u003e- RAM-Einstellungen (Bug)",
      "pb1": "23.09.2023: Die Zyneon Application ist nun in der Public Beta!\u003cbr\u003eDas heißt, dass das Repository auf GitHub nun öffentlich ist und es richtige Installer gibt.\u003cbr\u003e\u003cbr\u003eAktuell nicht unterstützte Plattformen:\u003cbr\u003e- macOS"
    },
    "pb6": "Öffentliche Beta 6",
    "pb5": "Öffentliche Beta 5",
    "pb4": "Öffentliche Beta 4",
    "pb3": "Öffentliche Beta 3",
    "pb2": "Öffentliche Beta 2",
    "pb1": "Öffentliche Beta 1"
  },
  "starting": {
    "title": "Starte...",
    "text": "Die Instanz wird gestartet.\u003cbr\u003e\u003cbr\u003eEs kann sein, dass die Anwendung kurz nicht reagiert.\u003cbr\u003eDas ist aber völlig normal - keine Sorge!\u003cbr\u003e\u003cbr\u003eDu kannst diese Meldung schließen, wenn du magst."
  },
  "installing": {
    "title": "Installiere...",
    "text": "Die Instanz wird installiert.\u003cbr\u003e\u003cbr\u003eEs kann sein, dass die Anwendung kurz nicht reagiert.\u003cbr\u003eDas ist aber völlig normal - keine Sorge!\u003cbr\u003e\u003cbr\u003eDu kannst diese Meldung schließen, wenn du magst."
  },
  "profile": "Profil verwalten",
  "play": "Spielen",
  "close": "Schließen",
  "worlds": "Welten",
  "description": "Beschreibung",
  "start": "Start/News"
}