{
  "zyneonplus": {
    "text": "Zyneon+ is the way to enjoy an optimized Minecraft adventure!",
    "button": "View Zyneon+",
    "slogan": "Experience Minecraft like never before!",
    "description": "This pack offers you the perfect optimization and the best features. Whether you want to play with your friends or just alone - Zyneon+ is there for you. \u003cbr\u003e\u003cbr\u003eInvite your friends online to your actual single-player world, without any server.\u003cbr\u003ePlay with the latest shaders and; or resource packs. Change your skin - and in-game. \u003cbr\u003e\u003cbr\u003eThe possibilities are limitless - experience your adventure and with the best performance!",
    "versiontext": "Click on Choose version to play Zyneon+ for other Minecraft versions",
    "change": {
      "version": "Choose version"
    },
    "select": {
      "version": "Choose a Zyneon+ version"
    }
  },
  "account": {
    "notLoggedIn": "Not logged in"
  },
  "news": {
    "value": "News",
    "upcoming": "Upcoming features",
    "instance": {
      "creator": "• An instance creator to create your own Fabric, Forge or Vanilla instances",
      "importer": "• Single-instance exporter and importer to share and receive instances by ID"
    },
    "probably": {
      "more": "And possibly more..."
    },
    "pb7": "The UI-Update (Public Beta 7)",
    "changelog": {
      "pb7": "28th September 2023: The application has received a major UI update. Some functions have also been added! Added: New UI design (v124) The app now adapts automatically the language, if your PC is in English, the app is too, in German it is in German.\u003cbr\u003e- Zyneon+ 1.20.2\u003cbr\u003e- Zyneon+ version selection\u003cbr\u003e- Save the last selected Zyneon+ Version\u003cbr\u003e- Preparing for the installation path move\u003cbr\u003e- Preparing for the implementation of the Instance Creator and Instance Exporter as well as the Instance Importer\u003cbr\u003e- Preparing for profile management\u003cbr\u003e- Preparing for Public Beta 8 \u003cbr\u003e\u003cbr\u003eRemoved:\u003cbr\u003e- Argria II",
      "pb6": "26th September 2023: The application has been updated to Public Beta 6! This update is just a UI update. Added: New Zyneon+ page",
      "pb5": "25th September 2023: The application has been updated to Public Beta 5! This version has some under-the-hood changes, bug fixes and the following features Added: Automatic updating when logging in and out. \u003cbr\u003e- Save default RAM settings (bug fix)\u003cbr\u003e- UI Update 122: Start/News updated",
      "pb4": "24th September 2023: The application has been updated to Public Beta 4! This version brings a number of backend performance updates and some bug fixes. Added: Start/News page in the launcher with these Information.\u003cbr\u003e- RAM settings (bug fix)\u003cbr\u003e- Zyneon Application logo in the taskbar (bug fix)\u003cbr\u003e- Zyneon Application logo in the title bar (bug fix)\u003cbr\u003e- 1.16.5- Button for Zyneon+\u003cbr\u003e- Preparing for instance path move\u003cbr\u003e\u003cbr\u003eRemoved:\u003cbr\u003e- Instance dropdown menu (bug)",
      "pb3": "23th September 2023: Performance update in the backend, no direct changes.",
      "pb2": "23th September 2023: The installers have been updated! The application has now been updated to Java 21, and older Java versions have been added to provide more compatibility. Added: Java 21: for the application and Minecraft versions above 1.16.5\u003cbr\u003e- Java 11: for Minecraft versions 1.13, 1.13.1, 1.13.2, 1.14, 1.14.1, 1.14.2, 1.14.3, 1.14.4, 1.15, 1.15. 1, 1.15.2, 1.16, 1.16.1, 1.16.2, 1.16.3, 1.16.4 and 1.16.5\u003cbr\u003e- Java 8: for Minecraft versions below 1.13\u003cbr\u003e\u003cbr\u003eRemoved:\u003cbr\u003e- RAM settings (bug)",
      "pb1": "23th September 2023: The Zyneon Application is now in public beta! This means that the repository on GitHub is now public and there are proper installers. Currently unsupported platforms: macOS"
    },
    "pb6": "Public Beta 6",
    "pb5": "Public Beta 5",
    "pb4": "Public Beta 4",
    "pb3": "Public Beta 3",
    "pb2": "Public Beta 2",
    "pb1": "Public Beta 1"
  },
  "starting": {
    "title": "Starting...",
    "text": "The instance is starting.\u003cbr\u003e\u003cbr\u003eThe application may not respond for a short time.\u003cbr\u003eBut this is completely normal - don't worry!\u003cbr\u003e\u003cbr\u003eYou can close this message if you like."
  },
  "installing": {
    "title": "Installing...",
    "text": "The instance is installing.\u003cbr\u003e\u003cbr\u003eThe application may not respond for a short time.\u003cbr\u003eBut this is completely normal - don't worry!\u003cbr\u003e\u003cbr\u003eYou can close this message if you like."
  },
  "profile": "Manage Profile",
  "play": "Play",
  "close": "Close",
  "worlds": "Worlds",
  "description": "Description",
  "start": "Start/News"
}